{
  "$schema": "./node_modules/nx/schemas/nx-schema.json",
  "npmScope": "ahlamcoding",
  "affected": {
    "defaultBase": "master"
  },
  "tasksRunnerOptions": {
    "default": {
      "runner": "@nrwl/nx-cloud",
      "options": {
        "cacheableOperations": [
          "build",
          "lint",
          "test",
          "e2e"
        ],
        "accessToken": "ZTc1Nzc2NDItNjRmNC00ZTk3LTg5YjItMDc1NmM3YTVhZDAzfHJlYWQtd3JpdGU="
      }
    }
  },
  "targetDefaults": {
    "build": {
      "dependsOn": [
        "^build"
      ],
      "inputs": [
        "production",
        "^production"
      ]
    },
    "test": {
      "inputs": [
        "default",
        "^production",
        "{workspaceRoot}/jest.preset.js"
      ]
    },
    "e2e": {
      "inputs": [
        "default",
        "^production"
      ]
    },
    "lint": {
      "inputs": [
        "default",
        "{workspaceRoot}/.eslintrc.json",
        "{workspaceRoot}/.eslintignore"
      ]
    }
  },
  "namedInputs": {
    "default": [
      "{projectRoot}/**/*",
      "sharedGlobals"
    ],
    "production": [
      "default",
      "!{projectRoot}/**/?(*.)+(spec|test).[jt]s?(x)?(.snap)",
      "!{projectRoot}/tsconfig.spec.json",
      "!{projectRoot}/jest.config.[jt]s",
      "!{projectRoot}/.eslintrc.json"
    ],
    "sharedGlobals": []
  },
  "generators": {
    "@nrwl/angular:application": {
      "style": "scss",
      "linter": "eslint",
      "unitTestRunner": "jest",
      "e2eTestRunner": "cypress"
    },
    "@nrwl/angular:library": {
      "linter": "eslint",
      "unitTestRunner": "jest"
    },
    "@nrwl/angular:component": {
      "style": "scss"
    }
  }
}
